{"allRoundData":[{"name":"Level 1","description":"A game about animals and their diets", "difficulty": 1, "timeLimitInSeconds":50,"pointsAddedForCorrectAnswer":1,"questions":[{"questionText":"Lions are carnivores: true or false?","answers":[{"answerText":"True","isCorrect":true},{"answerText":"False","isCorrect":false}]},{"questionText":"What do frogs eat?","answers":[{"answerText":"Honey Stars","isCorrect":false},{"answerText":"Flies","isCorrect":true}]},{"questionText":"Where do mice live?","answers":[{"answerText":"In the sea","isCorrect":false},{"answerText":"On the moon","isCorrect":false},{"answerText":"On land","isCorrect":true},{"answerText":"In a tree","isCorrect":false}]}]}]}
